Ｍ,日付,開催,Ｒ,レース名,馬名,Ｃ,性別,年齢,騎手,斤量,頭数,馬番,馬印,馬印2,馬印3,馬印4,レース印１,馬主(最新/仮想),人気,着順,芝・ダ,距離,コース区分,馬場状態,賞金,多頭出し,所属,調教師,走破タイム,着差,2角,3角,4角,上り3F,PCI,好走,PCI3,RPCI,上3F地点差,馬体重,馬体重増減,ブリンカー,単勝配当,複勝配当,枠連,馬連,馬単,３連複,３連単,間隔,前走日付,前走開催,前走Ｒ,前走レース名,替,前騎手,前走斤量,前走頭数,前走馬番,前走人気,前走着順,前芝・ダ,前距離,前走馬場状態,前走走破タイム,前走着差タイム,前2角,前3角,前4角,前走上り3F,前PCI,前好走,前走馬体重,前走馬体重増減,前走B,前走馬印,前走馬印2,前走馬印3,前走馬印4,前走レース印１
,250412,2阪5,11,阪神牝馬G2,サフィラ,,牝,4,松山弘平, 55 ,14,11,"  ","  ","  ","  ",,シルクレーシング,9,１,芝,1600,B,良,5500,,(栗),池添学,1328,-0.0,,2,2,33.3,57.2,*,58.73,56.7,0.1,464,0,,2970,770,7850,8640,23880,39970,362400,9,250209,1京4,9,斑鳩Ｓ･3勝,,松山弘平, 56 ,14,8,3,３,芝,1600,稍,1353, 0.3,,3,3,34.9,53.8,*,464,0,,"  ","  ","  ","  ",
,250412,2阪5,11,阪神牝馬G2,アルジーヌ,,牝,5,幸英明, 55 ,14,1,"  ","  ","  ","  ",,ロードホースクラブ,3,２,芝,1600,B,良,2200,,(栗),中内田充,1328,0.0,,5,6,33.0,58.7,*,58.73,56.7,0.4,464,+12,,(6.2),270,7850,8640,23880,39970,362400,17,241214,5中5,11,ターコイＨG3,*,西村淳也,55.5,16,6,2,１,芝,1600,良,1332,-0.1,8,7,7,34.4,52.6,*,452,-2,,"  ","  ","  ","  ",
,250412,2阪5,11,阪神牝馬G2,ラヴァンダ,,牝,4,岩田望来, 55 ,14,9,"  ","  ","  ","  ",,森永聡,8,３,芝,1600,B,良,1400,,(栗),中村直也,1328,0.0,,10,11,32.7,60.3,*,58.73,56.7,0.7,482,-2,,(19.1),560,,,,39970,362400,4,250315,1阪5,10,難波Ｓ･3勝,,岩田望来, 56 ,15,1,4,２,芝,1800,良,1453, 0.1,,6,7,33.9,55.3,*,484,-4,,"  ","  ","  ","  ",
,250412,2阪5,11,阪神牝馬G2,ビヨンドザヴァレー,,牝,5,菱田裕二, 55 ,14,2,"  ","  ","  ","  ",,社台レースホース,6,４,芝,1600,B,良,830,,(栗),橋口慎介,1330,0.2,,5,4,33.3,57.6,*,58.73,56.7,0.3,474,+2,,(15.3),,,,,,,5,250308,2中3,11,中山牝馬ＨG3,,菱田裕二, 54 ,14,2,7,４,芝,1800,良,1473, 0.2,6,7,7,34.9,53.7,*,472,+2,,"  ","  ","  ","  ",
,250412,2阪5,11,阪神牝馬G2,ボンドガール,,牝,4,武豊, 55 ,14,10,"  ","  ","  ","  ",,藤田晋,1,５,芝,1600,B,良,550,,(美),手塚貴久,1330,0.2,,11,11,32.9,59.6,*,58.73,56.7,0.7,448,-8,,(2.5),,,,,,,9,250209,1東4,11,東京新聞G3,,武豊, 55 ,16,4,2,２,芝,1600,良,1327, 0.1,,6,6,33.7,55.0,*,456,+8,,"  ","  ","  ","  ",
,250412,2阪5,11,阪神牝馬G2,ソーダズリング,,牝,5,坂井瑠星, 55 ,14,4,"  ","  ","  ","  ",,社台レースホース,5,６,芝,1600,B,良,0,,(栗),新谷功一,1331,0.3,,7,6,33.3,57.7,*,58.73,56.7,0.4,468,-4,,(9.7),,,,,,,7,250222,1京7,11,阪急杯G3,*,浜中俊, 55 ,18,13,3,３,芝,1400,良,1219, 0.2,,10,8,34.3,54.1,*,472,-6,,"  ","  ","  ","  ",
,250412,2阪5,11,阪神牝馬G2,タガノエルピーダ,,牝,4,団野大成, 55 ,14,3,"  ","  ","  ","  ",,八木良司,2,７,芝,1600,B,良,0,,(栗),斉藤崇史,1332,0.4,,3,3,33.6,56.4,*,58.73,56.7,0.2,458,-8,,(5.5),,,,,,,9,250209,1京4,9,斑鳩Ｓ･3勝,,団野大成, 56 ,14,2,1,１,芝,1600,稍,1350,-0.0,,3,3,34.6,54.7,*,466,+10,,"  ","  ","  ","  ",
,250412,2阪5,11,阪神牝馬G2,ドゥアイズ,,牝,5,鮫島克駿, 55 ,14,5,"  ","  ","  ","  ",,G1レーシング,7,８,芝,1600,B,良,0,*,(栗),庄野靖志,1332,0.4,,8,9,33.2,58.4,*,58.73,56.7,0.6,484,0,,(16.6),,,,,,,14,250105,1名1,11,京都金杯ＨG3,*,武豊,55.5,16,15,3,11,芝,1600,良,1349, 1.4,12,10,11,35.8,49.1,,484,+4,,"  ","  ","  ","  ",
,250412,2阪5,11,阪神牝馬G2,ドナベティ,,牝,4,藤岡佑介, 55 ,14,6,"  ","  ","  ","  ",,小川眞査雄,14,９,芝,1600,B,良,0,,(栗),矢作芳人,1333,0.5,,13,13,33.0,59.6,*,58.73,56.7,0.9,428,-2,,(300.2),,,,,,,3,250323,2名4,11,愛知杯G3,*,丸山元気, 55 ,18,8,17,13,芝,1400,良,1213, 1.1,,18,18,34.6,51.2,*,430,-10,,"  ","  ","  ","  ",
,250412,2阪5,11,阪神牝馬G2,ウンブライル,,牝,5,シュタル, 55 ,14,13,"  ","  ","  ","  ",,サンデーレーシング,10,10,芝,1600,B,良,0,,(美),木村哲也,1334,0.6,,12,13,33.1,59.3,*,58.73,56.7,0.9,476,-14,B,(36.8),,,,,,,10,250201,1東1,11,白富士Ｓ(L),*,横山武史, 58 ,13,7,8,７,芝,2000,良,1597, 0.6,2,5,3,34.5,55.8,*,490,+6,,"  ","  ","  ","  ",
,250412,2阪5,11,阪神牝馬G2,キミノナハマリア,,牝,5,Ｍ．デム, 55 ,14,8,"  ","  ","  ","  ",,浦野和由,12,11,芝,1600,B,良,0,,(栗),千田輝彦,1334,0.6,,8,9,33.4,57.8,*,58.73,56.7,0.6,506,-8,,(87.6),,,,,,,5,250308,2中3,11,中山牝馬ＨG3,*,菅原明良, 54 ,14,13,12,10,芝,1800,良,1478, 0.7,10,11,12,35.1,53.6,*,514,+10,,"  ","  ","  ","  ",
,250412,2阪5,11,阪神牝馬G2,スウィープフィート,,牝,4,横山典弘, 55 ,14,7,"  ","  ","  ","  ",,YGGホースクラブ,4,12,芝,1600,B,良,0,*,(栗),庄野靖志,1334,0.6,,14,6,33.6,56.8,*,58.73,56.7,0.4,488,-2,,(7.2),,,,,,,3,250323,2名4,11,愛知杯G3,*,永島まな, 56 ,18,17,5,６,芝,1400,良,1208, 0.6,,17,17,34.4,51.2,*,490,+24,,"  ","  ","  ","  ",
,250412,2阪5,11,阪神牝馬G2,ヒルノローザンヌ,,牝,6,池添謙一, 55 ,14,12,"  ","  ","  ","  ",,ヒルノ,13,13,芝,1600,B,良,0,,(栗),西村真幸,1337,0.9,,3,4,34.0,55.4,*,58.73,56.7,0.3,478,-12,B,(266.6),,,,,,,8,250215,1京5,11,洛陽ＳＨ(L),*,酒井学, 52 ,16,9,15,15,芝,1600,良,1355, 1.7,,13,14,35.1,53.2,,490,-2,B,"  ","  ","  ","  ",
,250412,2阪5,11,阪神牝馬G2,イフェイオン,,牝,4,北村友一, 55 ,14,14,"  ","  ","  ","  ",,社台レースホース,11,14,芝,1600,B,良,0,,(栗),杉山佳明,1342,1.4,,1,1,34.8,52.4,,58.73,56.7,0.0,486,+4,,(47.4),,,,,,,3,250323,2名4,11,愛知杯G3,*,川又賢治, 55 ,18,7,4,11,芝,1400,良,1213, 1.1,,4,4,36.6,41.6,,482,-6,,"  ","  ","  ","  ",
,240406,2阪5,11,阪神牝馬G2,マスクトディーヴァ,,牝,4,モレイラ, 56 ,11,1,"  ","  ","  ","  ",,社台レースホース,1,１,芝,1600,B,良,5500,,(栗),辻野泰之,1330,-0.1,,4,4,33.0,59.1,*,59.70,56.6,0.5,456,+2,,170,110,880,870,1050,2220,5890,9,240204,1東4,11,東京新聞G3,*,岩田望来, 56 ,16,6,1,６,芝,1600,良,1325, 0.4,,11,11,33.2,57.2,*,454,+10,,"  ","  ","  ","  ",
,240406,2阪5,11,阪神牝馬G2,ウンブライル,,牝,4,川田将雅, 55 ,11,9,"  ","  ","  ","  ",,サンデーレーシング,4,２,芝,1600,B,良,2200,,(美),木村哲也,1331,0.1,,7,7,32.9,59.8,*,59.70,56.6,0.7,476,-10,B,(9.1),210,880,870,1050,2220,5890,9,240204,1東4,11,東京新聞G3,*,ルメール, 55 ,16,9,3,９,芝,1600,良,1327, 0.6,,6,7,34.0,53.6,*,486,+22,B,"  ","  ","  ","  ",
,240406,2阪5,11,阪神牝馬G2,モリアーナ,,牝,4,横山典弘, 56 ,11,6,"  ","  ","  ","  ",,高橋文男,3,３,芝,1600,B,良,1400,,(美),武藤善則,1333,0.3,,9,9,32.9,60.2,*,59.70,56.6,0.9,482,0,,(9.0),190,,,,2220,5890,11,240121,1中7,11,アメリカG2,,横山典弘, 54 ,12,3,4,４,芝,2200,不,2168, 0.2,12,12,8,36.9,51.5,*,482,+4,,"  ","  ","  ","  ",
,240406,2阪5,11,阪神牝馬G2,シングザットソング,,牝,4,鮫島克駿, 55 ,11,5,"  ","  ","  ","  ",,社台レースホース,7,４,芝,1600,B,良,830,,(栗),高野友和,1333,0.3,,5,4,33.2,58.6,*,59.70,56.6,0.6,440,-10,,(30.2),,,,,,,7,240217,2京7,11,京都牝馬G3,,鮫島克駿, 57 ,18,6,11,５,芝,1400,良,1205, 0.2,,9,10,34.0,52.6,*,450,+4,,"  ","  ","  ","  ",
,240406,2阪5,11,阪神牝馬G2,ドゥアイズ,,牝,4,ムルザバ, 55 ,11,7,"  ","  ","  ","  ",,G1レーシング,2,５,芝,1600,B,良,550,,(栗),庄野靖志,1334,0.4,,9,9,33.0,59.8,*,59.70,56.6,0.9,468,0,,(6.3),,,,,,,8,240210,2京5,11,洛陽ＳＨ(L),*,ルメート, 54 ,18,15,2,１,芝,1600,良,1326,-0.0,,8,6,34.3,52.0,*,468,+8,,"  ","  ","  ","  ",
,240406,2阪5,11,阪神牝馬G2,テンハッピーローズ,,牝,6,津村明秀, 55 ,11,3,"  ","  ","  ","  ",,天白泰司,9,６,芝,1600,B,良,0,,(栗),高柳大輔,1334,0.4,,7,7,33.2,58.8,*,59.70,56.6,0.7,462,0,,(62.8),,,,,,,7,240217,2京7,11,京都牝馬G3,,津村明秀, 55 ,18,4,8,７,芝,1400,良,1206, 0.3,,16,14,33.6,54.9,*,462,+8,,"  ","  ","  ","  ",
,240406,2阪5,11,阪神牝馬G2,モズゴールドバレル,,牝,5,藤岡佑介, 55 ,11,10,"  ","  ","  ","  ",,キャピタル・システム,5,７,芝,1600,B,良,0,,(栗),藤岡健一,1335,0.5,,3,2,33.7,56.5,*,59.70,56.6,0.3,454,+6,,(9.8),,,,,,,7,240217,2京7,11,京都牝馬G3,*,団野大成, 55 ,18,11,6,８,芝,1400,良,1207, 0.4,,4,4,34.6,49.9,*,448,-10,,"  ","  ","  ","  ",
,240406,2阪5,11,阪神牝馬G2,ゴールドエクリプス,,牝,5,岩田望来, 55 ,11,2,"  ","  ","  ","  ",,居城寿与,8,８,芝,1600,B,良,0,,(栗),大久保龍,1338,0.8,,2,2,34.1,55.0,*,59.70,56.6,0.2,494,+2,,(35.2),,,,,,,7,240218,2小4,11,小倉大賞ＨG3,*,角田大河, 53 ,16,14,2,12,芝,1800,良,1462, 1.1,9,8,6,35.5,49.6,,492,0,,"  ","  ","  ","  ",
,240406,2阪5,11,阪神牝馬G2,サブライムアンセム,,牝,5,北村友一, 55 ,11,4,"  ","  ","  ","  ",,サンデーレーシング,10,９,芝,1600,B,良,0,,(栗),藤原英昭,1338,0.8,,1,1,34.3,54.1,*,59.70,56.6,0.0,492,-4,,(96.9),,,,,,,4,240309,1阪5,11,コーラＨ(L),*,田口貫太, 55 ,16,4,14,16,ダ,1400,良,1266, 2.8,,6,8,39.6,39.0,,496,+8,,"  ","  ","  ","  ",
,240406,2阪5,11,阪神牝馬G2,ライラック,,牝,5,戸崎圭太, 55 ,11,11,"  ","  ","  ","  ",,芹澤精一,6,10,芝,1600,B,良,0,,(美),相沢郁,1342,1.2,,5,4,34.2,55.3,,59.70,56.6,0.5,432,-16,,(10.5),,,,,,,15,231224,5中8,11,有馬記念G1,,戸崎圭太, 56 ,16,8,10,13,芝,2500,良,2318, 0.9,13,15,12,34.9,55.8,*,448,+6,,"  ","  ","  ","  ",
,240406,2阪5,11,阪神牝馬G2,スピーディキック,,牝,5,御神本訓, 55 ,11,8,"  ","  ","  ","  ",,加藤鈴幸,11,11,芝,1600,B,良,0,,[地],藤原智行,1363,3.3,,11,11,35.7,51.8,,59.70,56.6,1.1,480,-4,,(157.5),,,,,,,7,240218,1東8,11,フェブラG1,,御神本訓, 56 ,16,12,15,13,ダ,1600,良,1377, 2.0,,9,9,38.9,40.7,,484,-3,,"  ","  ","  ","  ",
,230408,2阪5,11,阪神牝馬G2,サウンドビバーチェ,,牝,4,浜中俊, 55 ,12,9,"  ","  ","  ","  ",,増田雄一,6,１,芝,1600,B,稍,5500,*,(栗),高柳大輔,1339,-0.2,,2,2,34.1,55.2,*,55.67,54.7,0.1,498,-2,,1380,470,13450,24120,42910,174040,1016510,8,230211,1阪1,11,洛陽ＳＨ(L),*,団野大成, 54 ,11,10,2,11,芝,1600,良,1339, 0.8,,3,3,34.9,51.4,*,500,+14,,"  ","  ","  ","  ",
,230408,2阪5,11,阪神牝馬G2,サブライムアンセム,,牝,4,岩田望来, 55 ,12,1,"  ","  ","  ","  ",,サンデーレーシング,10,２,芝,1600,B,稍,2200,*,(栗),藤原英昭,1341,0.2,,3,3,34.1,55.6,*,55.67,54.7,0.3,492,0,,(43.0),890,13450,24120,42910,174040,1016510,7,230218,1阪3,11,京都牝馬G3,,岩田望来, 57 ,18,1,5,15,芝,1400,良,1215, 1.1,,15,12,34.2,53.7,,492,+6,,"  ","  ","  ","  ",
,230408,2阪5,11,阪神牝馬G2,コスタボニータ,,牝,4,鮫島克駿, 55 ,12,2,"  ","  ","  ","  ",,谷掛龍夫,9,３,芝,1600,B,稍,1400,,(栗),杉山佳明,1342,0.3,,6,5,34.0,56.2,*,55.67,54.7,0.5,462,+6,,(39.8),1030,,,,174040,1016510,8,230212,1東6,9,初音Ｓ･3勝,*,松山弘平, 55 ,16,10,8,１,芝,1800,良,1466,-0.1,3,3,3,34.2,55.8,*,456,0,,"  ","  ","  ","  ",
,230408,2阪5,11,阪神牝馬G2,ウインシャーロット,,牝,5,石川裕紀, 55 ,12,3,"  ","  ","  ","  ",,ウイン,2,４,芝,1600,B,稍,830,,(美),和田正一,1342,0.3,,1,1,34.5,53.8,*,55.67,54.7,0.0,512,-2,,(4.2),,,,,,,7,230218,1阪3,11,京都牝馬G3,,石川裕紀, 55 ,18,13,1,２,芝,1400,良,1204, 0.0,,1,1,33.9,52.9,*,514,+4,,"  ","  ","  ","  ",
,230408,2阪5,11,阪神牝馬G2,アンドヴァラナウト,,牝,5,吉田隼人, 55 ,12,10,"  ","  ","  ","  ",,サンデーレーシング,7,５,芝,1600,B,稍,550,,(栗),池添学,1343,0.4,,10,11,33.6,58.4,*,55.67,54.7,1.0,454,+2,,(24.8),,,,,,,12,230114,1名5,11,愛知杯ＨG3,*,イーガン, 56 ,15,8,8,９,芝,2000,重,2047, 1.6,10,13,14,34.8,60.7,,452,+2,,"  ","  ","  ","  ",
,230408,2阪5,11,阪神牝馬G2,ルージュスティリア,,牝,4,川田将雅, 55 ,12,7,"  ","  ","  ","  ",,東京ホースレーシング,1,６,芝,1600,B,稍,0,*,(栗),藤原英昭,1344,0.5,,5,8,34.1,56.1,*,55.67,54.7,0.6,486,0,,(2.9),,,,,,,11,230122,1名8,10,長篠ＳＨ･3勝,*,福永祐一, 54 ,10,6,1,１,芝,1600,良,1335,-0.4,2,2,2,34.2,54.0,*,486,0,,"  ","  ","  ","  ",
,230408,2阪5,11,阪神牝馬G2,テンハッピーローズ,,牝,5,藤岡康太, 55 ,12,6,"  ","  ","  ","  ",,天白泰司,12,７,芝,1600,B,稍,0,*,(栗),高柳大輔,1344,0.5,,8,8,34.0,56.6,*,55.67,54.7,0.7,450,-4,,(56.8),,,,,,,7,230218,1阪3,11,京都牝馬G3,*,福永祐一, 55 ,18,7,9,６,芝,1400,良,1208, 0.4,,8,7,33.9,53.8,*,454,+2,,"  ","  ","  ","  ",
,230408,2阪5,11,阪神牝馬G2,フラーズダルム,,牝,5,北村友一, 55 ,12,4,"  ","  ","  ","  ",,吉田勝己,8,８,芝,1600,B,稍,0,,(栗),松永昌博,1344,0.5,,10,11,33.8,57.6,*,55.67,54.7,0.9,496,-4,,(28.4),,,,,,,8,230211,1阪1,11,洛陽ＳＨ(L),*,坂井瑠星, 53 ,11,8,5,４,芝,1600,良,1334, 0.3,,11,11,33.5,57.3,*,500,+2,,"  ","  ","  ","  ",
,230408,2阪5,11,阪神牝馬G2,ママコチャ,,牝,4,松山弘平, 55 ,12,5,"  ","  ","  ","  ",,金子真人ホールディングス,3,９,芝,1600,B,稍,0,,(栗),池江泰寿,1346,0.7,,8,3,34.7,53.6,*,55.67,54.7,0.2,484,+6,,(5.0),,,,,,,16,221217,5中5,11,ターコイＨG3,,松山弘平, 53 ,16,2,1,５,芝,1600,良,1337, 0.2,2,4,4,34.7,52.0,*,478,-6,,"  ","  ","  ","  ",
,230408,2阪5,11,阪神牝馬G2,イズジョーノキセキ,,牝,6,岩田康誠, 56 ,12,11,"  ","  ","  ","  ",,泉一郎,5,10,芝,1600,B,稍,0,,(栗),石坂公一,1348,0.9,,3,5,34.7,53.9,*,55.67,54.7,0.4,470,-2,,(9.7),,,,,,,15,221225,5中8,11,有馬記念G1,,岩田康誠, 55 ,16,2,13,４,芝,2500,良,2332, 0.8,7,8,6,36.1,52.4,*,472,+2,,"  ","  ","  ","  ",
,230408,2阪5,11,阪神牝馬G2,ピンハイ,,牝,4,高倉稜, 55 ,12,8,"  ","  ","  ","  ",,北畑忍,4,11,芝,1600,B,稍,0,,(栗),田中克典,1349,1.0,,6,5,34.7,54.1,*,55.67,54.7,0.5,404,-2,,(7.4),,,,,,,9,230205,1東4,11,東京新聞G3,*,坂井瑠星, 55 ,16,4,3,８,芝,1600,良,1323, 0.5,,8,8,34.1,52.4,*,406,-6,,"  ","  ","  ","  ",
,230408,2阪5,11,阪神牝馬G2,ディヴィーナ,,牝,5,池添謙一, 55 ,12,12,"  ","  ","  ","  ",,佐々木主浩,11,12,芝,1600,B,稍,0,,(栗),友道康夫,1353,1.4,,10,8,34.9,53.8,,55.67,54.7,0.7,424,-4,,(47.7),,,,,,,7,230218,1阪3,11,京都牝馬G3,*,坂井瑠星, 55 ,18,2,10,10,芝,1400,良,1210, 0.6,,8,9,34.0,53.7,*,428,-2,,"  ","  ","  ","  ",
,220409,2阪5,11,阪神牝馬G2,メイショウミモザ,,牝,5,鮫島克駿, 54 ,12,4,"  ","  ","  ","  ",,松本好雄,9,１,芝,1600,B,良,5500,,(栗),池添兼雄,1328,-0.1,,6,6,33.7,55.2,*,54.60,50.5,1.0,456,0,B,6870,1200,11810,12040,32030,8830,109770,8,220213,2小2,11,北九州短,*,田中健, 54 ,18,12,3,13,芝,1200,稍,1093, 0.6,,9,11,35.1,47.4,*,456,0,B,"  ","  ","  ","  ",
,220409,2阪5,11,阪神牝馬G2,アンドヴァラナウト,,牝,4,福永祐一, 55 ,12,2,"  ","  ","  ","  ",,サンデーレーシング,1,２,芝,1600,B,良,2200,,(栗),池添学,1329,0.1,,3,2,34.2,53.0,*,54.60,50.5,0.6,444,-4,,(3.1),140,11810,12040,32030,8830,109770,12,220115,1名5,11,愛知杯ＨG3,*,松山弘平, 55 ,16,6,1,11,芝,2000,良,2016, 0.6,5,6,5,35.1,55.6,*,448,+16,,"  ","  ","  ","  ",
,220409,2阪5,11,阪神牝馬G2,デゼル,,牝,5,川田将雅, 55 ,12,3,"  ","  ","  ","  ",,社台レースホース,2,３,芝,1600,B,良,1400,,(栗),友道康夫,1330,0.2,,8,8,33.7,55.6,*,54.60,50.5,1.2,484,-4,,(3.4),140,,,,8830,109770,12,220115,1名5,11,愛知杯ＨG3,,川田将雅,55.5,16,12,6,３,芝,2000,良,2010, 0.0,12,11,9,34.2,58.8,*,488,+4,,"  ","  ","  ","  ",
,220409,2阪5,11,阪神牝馬G2,ムジカ,,牝,5,池添謙一, 54 ,12,6,"  ","  ","  ","  ",,ケーエスHD,8,４,芝,1600,B,良,830,,(栗),鈴木孝志,1332,0.4,,6,6,34.2,53.5,*,54.60,50.5,0.9,452,-2,,(30.9),,,,,,,3,220319,2名3,10,豊橋Ｓ･3勝,*,武豊, 55 ,16,16,9,７,芝,1600,稍,1347, 0.4,16,16,15,34.8,53.3,*,454,+4,,"  ","  ","  ","  ",
,220409,2阪5,11,阪神牝馬G2,マジックキャッスル,,牝,5,浜中俊, 54 ,12,12,"  ","  ","  ","  ",,社台レースホース,4,５,芝,1600,B,良,550,*,(美),国枝栄,1332,0.4,,10,9,33.6,56.4,*,54.60,50.5,1.5,442,-10,,(5.5),,,,,,,12,220115,1名5,11,愛知杯ＨG3,*,ルメール, 56 ,16,2,4,９,芝,2000,良,2016, 0.6,13,13,13,34.5,58.2,*,452,+8,,"  ","  ","  ","  ",
,220409,2阪5,11,阪神牝馬G2,ジェラルディーナ,,牝,4,幸英明, 54 ,12,9,"  ","  ","  ","  ",,サンデーレーシング,3,６,芝,1600,B,良,0,,(栗),斉藤崇史,1332,0.4,,11,11,33.4,57.4,*,54.60,50.5,1.7,450,-4,,(4.0),,,,,,,8,220213,1阪2,11,京都記念G2,*,福永祐一, 53 ,13,9,4,４,芝,2200,稍,2122, 0.3,11,12,11,33.6,60.0,*,454,+6,,"  ","  ","  ","  ",
,220409,2阪5,11,阪神牝馬G2,クリスティ,,牝,5,松若風馬, 54 ,12,10,"  ","  ","  ","  ",,薪浦英稔,6,７,芝,1600,B,良,0,,(栗),杉山晴紀,1333,0.5,,1,1,35.2,49.0,*,54.60,50.5,0.0,488,-6,,(18.3),,,,,,,7,220219,1阪3,11,京都牝馬G3,*,武豊, 55 ,18,13,7,15,芝,1400,良,1219, 2.2,,17,14,35.2,49.5,,494,+7,,"  ","  ","  ","  ",
,220409,2阪5,11,阪神牝馬G2,ラルナブリラーレ,,牝,5,和田竜二, 54 ,12,8,"  ","  ","  ","  ",,社台レースホース,5,８,芝,1600,B,良,0,,(栗),石坂公一,1334,0.6,,3,4,34.6,52.0,*,54.60,50.5,0.7,478,-4,,(17.3),,,,,,,2,220327,2阪2,11,六甲Ｓ(L),*,酒井学, 54 ,18,11,9,５,芝,1600,稍,1342, 0.5,,13,14,34.0,56.2,*,482,+2,,"  ","  ","  ","  ",
,220409,2阪5,11,阪神牝馬G2,テーオーラフィット,,牝,4,岩田望来, 54 ,12,7,"  ","  ","  ","  ",,小笹公也,7,９,芝,1600,B,良,0,,(栗),上村洋行,1335,0.7,,3,4,34.6,52.1,*,54.60,50.5,0.8,482,+2,,(28.9),,,,,,,3,220319,2名3,10,豊橋Ｓ･3勝,*,石橋脩, 55 ,16,10,11,３,芝,1600,稍,1344, 0.1,4,5,6,35.3,50.5,*,480,-10,,"  ","  ","  ","  ",
,220409,2阪5,11,阪神牝馬G2,ローレルアイリス,,牝,5,川又賢治, 54 ,12,1,"  ","  ","  ","  ",,ローレルレーシング,11,10,芝,1600,B,良,0,,(栗),杉山佳明,1338,1.0,,9,9,34.3,54.1,*,54.60,50.5,1.4,444,+2,,(99.2),,,,,,,8,220213,2小2,11,北九州短,,川又賢治, 54 ,18,18,7,17,芝,1200,稍,1097, 1.0,,6,8,35.7,45.2,*,442,-4,,"  ","  ","  ","  ",
,220409,2阪5,11,阪神牝馬G2,クリノフラッシュ,,牝,7,藤岡佑介, 54 ,12,11,"  ","  ","  ","  ",,栗本博晴,10,11,芝,1600,B,良,0,,(栗),橋田満,1347,1.9,,2,2,36.0,47.8,,54.60,50.5,0.6,456,+7,B,(97.2),,,,,,,6,220302,川崎,11,エンプG2,*,福永祐一, 55 ,13,6,5,４,ダ,2100,良,2166, 0.9,2,2,3,,,,449,-1,,"  ","  ","  ","  ",
,220409,2阪5,11,阪神牝馬G2,アカイトリノムスメ,,牝,4,戸崎圭太, 56 ,12,5,"  ","  ","  ","  ",,金子真人ホールディングス,,外,芝,1600,B,良,0,*,(美),国枝栄,----,----,,,,,,,54.60,50.5,,454,+2,,,,,,,,,21,211114,5阪4,11,エリザベG1,,戸崎圭太, 54 ,17,3,2,７,芝,2200,良,2126, 0.5,4,5,3,36.7,48.0,*,452,+4,,"  ","  ","  ","  ",
,210410,2阪5,11,阪神牝馬G2,デゼル,,牝,4,川田将雅, 54 ,12,10,"  ","  ","  ","  ",,社台レースホース,1,１,芝,1600,B,良,5500,,(栗),友道康夫,1320,-0.0,,8,8,32.5,59.8,*,59.23,56.3,0.7,476,-6,,310,140,680,680,1240,4550,16130,8,210214,1東6,9,初音Ｓ･3勝,*,ルメール, 54 ,16,9,1,１,芝,1800,良,1454,-0.2,11,11,10,34.4,53.2,*,482,-4,,"  ","  ","  ","  ",
,210410,2阪5,11,阪神牝馬G2,マジックキャッスル,,牝,4,大野拓弥, 54 ,12,4,"  ","  ","  ","  ",,社台レースホース,2,２,芝,1600,B,良,2200,,(美),国枝栄,1320,0.0,,8,10,32.4,60.4,*,59.23,56.3,0.8,430,-14,,(4.3),170,680,680,1240,4550,16130,12,210116,1名5,11,愛知杯ＨG3,*,戸崎圭太, 54 ,18,18,2,１,芝,2000,良,1587,-0.0,11,10,8,35.4,50.8,*,444,+12,,"  ","  ","  ","  ",
,210410,2阪5,11,阪神牝馬G2,ドナウデルタ,,牝,5,和田竜二, 54 ,12,1,"  ","  ","  ","  ",,サンデーレーシング,8,３,芝,1600,B,良,1400,,(栗),高野友和,1321,0.1,,3,4,33.0,57.5,*,59.23,56.3,0.3,450,+4,,(24.1),430,,,,4550,16130,12,210116,1名5,11,愛知杯ＨG3,*,岩田望来, 54 ,18,1,12,13,芝,2000,良,2002, 1.5,12,12,11,36.7,47.5,,446,-2,,"  ","  ","  ","  ",
,210410,2阪5,11,阪神牝馬G2,プールヴィル,,牝,5,三浦皇成, 54 ,12,11,"  ","  ","  ","  ",,吉田照哉,9,４,芝,1600,B,良,830,,(栗),庄野靖志,1321,0.1,,6,5,32.9,58.0,*,59.23,56.3,0.4,456,+22,,(24.3),,,,,,,21,201115,5東4,11,オーロＨ(L),,三浦皇成, 54 ,17,12,2,１,芝,1400,良,1214,-0.1,,10,10,33.9,55.1,*,434,-10,,"  ","  ","  ","  ",
,210410,2阪5,11,阪神牝馬G2,エーポス,,牝,4,岩田康誠, 54 ,12,12,"  ","  ","  ","  ",,フジワラ・ファーム,7,５,芝,1600,B,良,550,,(栗),北出成人,1322,0.2,,2,2,33.3,56.1,*,59.23,56.3,0.1,456,-2,,(23.8),,,,,,,52,200412,2阪6,11,桜花賞G1,,岩田康誠, 55 ,18,18,11,９,芝,1600,重,1373, 1.2,,10,9,38.0,43.6,,458,+12,,"  ","  ","  ","  ",
,210410,2阪5,11,阪神牝馬G2,イベリス,,牝,5,酒井学, 54 ,12,7,"  ","  ","  ","  ",,前田幸治,4,６,芝,1600,B,良,0,,(栗),角田晃一,1323,0.3,,1,1,33.5,55.3,*,59.23,56.3,0.0,482,-2,,(6.5),,,,,,,7,210220,1阪3,11,京都牝馬G3,,酒井学, 54 ,16,4,3,１,芝,1400,良,1200,-0.3,,1,1,34.3,49.9,*,484,+6,,"  ","  ","  ","  ",
,210410,2阪5,11,阪神牝馬G2,ギルデッドミラー,,牝,4,池添謙一, 54 ,12,2,"  ","  ","  ","  ",,シルクレーシング,5,７,芝,1600,B,良,0,,(栗),松永幹夫,1324,0.4,,5,5,33.2,57.0,*,59.23,56.3,0.4,480,+2,,(8.7),,,,,,,7,210220,1阪3,11,京都牝馬G3,*,福永祐一, 54 ,16,15,5,２,芝,1400,良,1203, 0.3,,11,10,33.9,52.7,*,478,+4,,"  ","  ","  ","  ",
,210410,2阪5,11,阪神牝馬G2,ブランノワール,,牝,5,団野大成, 54 ,12,3,"  ","  ","  ","  ",,シルクレーシング,6,８,芝,1600,B,良,0,,(栗),須貝尚介,1324,0.4,,6,7,33.1,57.5,*,59.23,56.3,0.5,472,+2,,(14.5),,,,,,,7,210220,1阪3,11,京都牝馬G3,,団野大成, 54 ,16,14,9,３,芝,1400,良,1203, 0.3,,14,12,33.7,53.7,*,470,+4,,"  ","  ","  ","  ",
,210410,2阪5,11,阪神牝馬G2,リアアメリア,,牝,4,福永祐一, 55 ,12,8,"  ","  ","  ","  ",,シルクレーシング,3,９,芝,1600,B,良,0,,(栗),中内田充,1326,0.6,,10,10,32.9,58.9,*,59.23,56.3,0.9,492,+2,,(4.5),,,,,,,4,210313,2中5,11,中山牝馬ＨG3,,福永祐一, 55 ,16,2,3,７,芝,1800,不,1556, 0.8,6,4,5,40.3,43.4,*,490,+8,,"  ","  ","  ","  ",
,210410,2阪5,11,阪神牝馬G2,メイショウグロッケ,,牝,7,浜中俊, 54 ,12,6,"  ","  ","  ","  ",,松本好隆,10,10,芝,1600,B,良,0,,(栗),荒川義之,1328,0.8,,3,2,33.8,54.7,*,59.23,56.3,0.2,456,-4,,(55.7),,,,,,,2,210328,2阪2,11,六甲Ｓ(L),*,小牧太, 55 ,15,3,6,10,芝,1600,稍,1345, 0.7,,4,4,35.1,51.5,*,460,0,,"  ","  ","  ","  ",
,210410,2阪5,11,阪神牝馬G2,ロフティフレーズ,,牝,6,幸英明, 54 ,12,9,"  ","  ","  ","  ",,水上ふじ子,11,11,芝,1600,B,良,0,,(美),上原博之,1331,1.1,,10,8,33.6,56.2,,59.23,56.3,0.7,466,-4,,(129.4),,,,,,,4,210313,2中5,11,中山牝馬ＨG3,*,丸山元気, 52 ,16,4,15,11,芝,1800,不,1562, 1.4,11,12,11,40.4,43.8,,470,-6,,"  ","  ","  ","  ",
,210410,2阪5,11,阪神牝馬G2,メジェールスー,,牝,6,藤岡康太, 54 ,12,5,"  ","  ","  ","  ",,太田珠々子,12,12,芝,1600,B,良,0,,(栗),四位洋文,1332,1.2,,12,12,33.3,57.9,,59.23,56.3,1.1,466,0,,(273.1),,,,,,,2,210328,2阪2,11,六甲Ｓ(L),*,富田暁, 54 ,15,8,15,12,芝,1600,稍,1346, 0.8,,15,15,34.1,56.5,*,466,0,,"  ","  ","  ","  ",
,200411,2阪5,11,阪神牝馬G2,サウンドキアラ,,牝,5,松山弘平, 54 ,16,2,"  ","  ","  ","  ",,増田雄一,2,１,芝,1600,B,良,5500,,(栗),安達昭夫,1329,-0.2,,5,5,33.7,55.4,*,55.07,51.6,0.8,458,-2,,320,160,1960,2170,3300,43750,145630,7,200222,2京7,11,京都牝馬G3,,松山弘平, 55 ,17,17,1,１,芝,1400,重,1232,-0.2,,4,7,34.5,55.9,*,460,+2,,"  ","  ","  ","  ",
,200411,2阪5,11,阪神牝馬G2,スカーレットカラー,,牝,5,岩田康誠, 55 ,16,15,"  ","  ","  ","  ",,前田幸治,6,２,芝,1600,B,良,2200,,(栗),高橋亮,1331,0.2,,14,15,33.4,57.2,*,55.07,51.6,1.3,490,+16,,(14.0),400,1960,2170,3300,43750,145630,16,191222,5中8,11,有馬記念G1,,岩田康誠, 55 ,16,1,11,15,芝,2500,良,2353, 4.8,6,7,13,39.8,41.6,,474,-12,,"  ","  ","  ","  ",
,200411,2阪5,11,阪神牝馬G2,ディメンシオン,,牝,6,松田大作, 54 ,16,10,"  ","  ","  ","  ",,広尾レース,11,３,芝,1600,B,良,1400,*,(栗),藤原英昭,1332,0.3,,3,2,34.4,52.6,*,55.07,51.6,0.4,450,-10,,(116.8),1650,,,,43750,145630,7,200222,2京7,11,京都牝馬G3,,松田大作, 55 ,17,10,10,６,芝,1400,重,1238, 0.6,,9,10,34.9,55.1,*,460,+12,,"  ","  ","  ","  ",
,200411,2阪5,11,阪神牝馬G2,ビーチサンバ,,牝,4,福永祐一, 54 ,16,4,"  ","  ","  ","  ",,金子真人ホールディングス,3,４,芝,1600,B,良,830,,(栗),友道康夫,1333,0.4,,7,9,33.9,55.1,*,55.07,51.6,1.0,468,-4,,(7.1),,,,,,,7,200222,2京7,11,京都牝馬G3,,福永祐一, 54 ,17,2,4,５,芝,1400,重,1238, 0.6,,16,14,34.4,57.7,*,472,-4,,"  ","  ","  ","  ",
,200411,2阪5,11,阪神牝馬G2,ダノンファンタジー,,牝,4,川田将雅, 55 ,16,13,"  ","  ","  ","  ",,ダノックス,1,５,芝,1600,B,良,550,,(栗),中内田充,1333,0.4,,4,4,34.3,53.2,*,55.07,51.6,0.6,486,+22,,(2.9),,,,,,,26,191013,4京4,11,秋華賞G1,,川田将雅, 55 ,18,1,1,８,芝,2000,稍,2010, 1.1,3,3,2,37.3,46.2,,464,+6,,"  ","  ","  ","  ",
,200411,2阪5,11,阪神牝馬G2,リバティハイツ,,牝,5,藤岡佑介, 54 ,16,5,"  ","  ","  ","  ",,社台レースホース,12,６,芝,1600,B,良,0,,(栗),高野友和,1333,0.4,,7,5,34.2,53.7,*,55.07,51.6,0.7,464,-4,,(135.7),,,,,,,7,200222,2京7,11,京都牝馬G3,*,松若風馬, 55 ,17,5,14,８,芝,1400,重,1239, 0.7,,13,12,34.7,56.3,*,468,+10,,"  ","  ","  ","  ",
,200411,2阪5,11,阪神牝馬G2,プールヴィル,,牝,4,浜中俊, 54 ,16,7,"  ","  ","  ","  ",,吉田照哉,7,７,芝,1600,B,良,0,,(栗),庄野靖志,1334,0.5,,7,9,34.1,54.3,*,55.07,51.6,0.9,444,-2,,(17.1),,,,,,,7,200222,2京7,11,京都牝馬G3,*,岩田康誠, 55 ,17,9,6,２,芝,1400,重,1234, 0.2,,4,2,34.9,54.2,*,446,+24,,"  ","  ","  ","  ",
,200411,2阪5,11,阪神牝馬G2,ブランノワール,,牝,4,武豊, 54 ,16,8,"  ","  ","  ","  ",,シルクレーシング,9,８,芝,1600,B,良,0,,(栗),須貝尚介,1336,0.7,,10,13,34.0,55.2,*,55.07,51.6,1.2,456,-2,,(31.9),,,,,,,6,200229,1阪1,9,うずしお･3勝,*,福永祐一, 55 ,12,10,5,１,芝,1600,良,1336,-0.1,,9,10,33.5,57.6,*,458,+6,,"  ","  ","  ","  ",
,200411,2阪5,11,阪神牝馬G2,サトノガーネット,,牝,5,川島信二, 54 ,16,16,"  ","  ","  ","  ",,サトミホースカンパニー,14,９,芝,1600,B,良,0,,(栗),矢作芳人,1336,0.7,,14,12,34.1,54.7,*,55.07,51.6,1.1,440,+2,,(184.8),,,,,,,4,200315,1名6,11,金鯱賞G2,*,岩田望来, 54 ,12,5,5,11,芝,2000,良,2029, 1.3,12,10,10,33.9,62.5,,438,-2,,"  ","  ","  ","  ",
,200411,2阪5,11,阪神牝馬G2,テーオービクトリー,,牝,6,太宰啓介, 54 ,16,1,"  ","  ","  ","  ",,小笹公也,16,10,芝,1600,B,良,0,,(栗),岡田稲男,1336,0.7,,10,13,34.0,55.2,*,55.07,51.6,1.2,488,+8,,(272.4),,,,,,,7,200223,2京8,10,斑鳩ＳＨ･3勝,,太宰啓介, 52 ,13,8,4,１,芝,1600,稍,1358,-0.4,,8,6,35.0,54.2,*,480,0,,"  ","  ","  ","  ",
,200411,2阪5,11,阪神牝馬G2,メジェールスー,,牝,5,岩田望来, 54 ,16,3,"  ","  ","  ","  ",,太田珠々子,13,11,芝,1600,B,良,0,*,(栗),藤原英昭,1337,0.8,,5,5,34.6,52.5,*,55.07,51.6,0.7,484,+8,,(169.9),,,,,,,5,200308,2中4,9,アクアＨ･3勝,*,ミナリク, 53 ,16,6,7,１,芝,1200,重,1095,-0.0,,2,2,35.0,48.6,*,476,+2,,"  ","  ","  ","  ",
,200411,2阪5,11,阪神牝馬G2,シャドウディーヴァ,,牝,4,池添謙一, 54 ,16,9,"  ","  ","  ","  ",,スリーエイチレーシング,5,12,芝,1600,B,良,0,,(美),斎藤誠,1337,0.8,,10,9,34.3,53.9,*,55.07,51.6,1.0,464,-6,,(12.2),,,,,,,9,200209,1東4,11,東京新聞G3,*,岩田康誠, 54 ,16,12,6,２,芝,1600,良,1331, 0.1,,12,11,33.3,57.7,*,470,-4,,"  ","  ","  ","  ",
,200411,2阪5,11,阪神牝馬G2,ノーワン,,牝,4,坂井瑠星, 54 ,16,6,"  ","  ","  ","  ",,藤田好紀,15,13,芝,1600,B,良,0,,(栗),笹田和秀,1337,0.8,,14,16,33.9,55.8,*,55.07,51.6,1.4,484,+6,,(261.1),,,,,,,4,200315,2中6,10,東風Ｓ(L),*,川又賢治, 55 ,16,1,11,13,芝,1600,稍,1356, 1.5,10,14,14,36.8,45.9,,478,-10,,"  ","  ","  ","  ",
,200411,2阪5,11,阪神牝馬G2,アマルフィコースト,,牝,5,幸英明, 54 ,16,14,"  ","  ","  ","  ",,社台レースホース,10,14,芝,1600,B,良,0,,(栗),牧田和弥,1337,0.8,,2,2,35.0,50.6,*,55.07,51.6,0.3,470,0,,(35.5),,,,,,,7,200222,2京7,11,京都牝馬G3,,幸英明, 54 ,17,12,12,４,芝,1400,重,1236, 0.4,,3,5,35.0,54.1,*,470,-4,,"  ","  ","  ","  ",
,200411,2阪5,11,阪神牝馬G2,トロワゼトワル,,牝,5,藤岡康太, 54 ,16,12,"  ","  ","  ","  ",,社台レースホース,8,15,芝,1600,B,良,0,,(栗),安田隆行,1341,1.2,,1,1,35.7,48.2,,55.07,51.6,0.0,482,+20,,(25.9),,,,,,,17,191214,5中5,11,ターコイＨG3,*,横山典弘, 55 ,16,16,4,16,芝,1600,良,1351, 2.9,2,2,2,37.4,42.6,,462,0,,"  ","  ","  ","  ",
,200411,2阪5,11,阪神牝馬G2,シゲルピンクダイヤ,,牝,4,Ｍ．デム, 54 ,16,11,"  ","  ","  ","  ",,森中蕃,4,16,芝,1600,B,良,0,,(栗),渡辺薫彦,1350,2.1,,10,5,35.8,49.2,,55.07,51.6,0.8,458,-4,,(7.9),,,,,,,7,200222,2京7,11,京都牝馬G3,*,和田竜二, 55 ,17,13,2,７,芝,1400,重,1239, 0.7,,9,12,34.8,55.8,*,462,+4,,"  ","  ","  ","  ",
,190406,2阪5,11,阪神牝馬G2,ミッキーチャーム,,牝,4,川田将雅, 54 ,14,8,"  ","  ","  ","  ",,野田みづき,4,１,芝,1600,B,良,5500,*,(栗),中内田充,1336,-0.1,,3,2,33.4,58.1,*,58.07,57.1,0.2,446,0,,1170,730,10320,26760,44990,149940,727770,4,190309,2中5,11,中山牝馬ＨG3,,川田将雅, 55 ,14,13,2,14,芝,1800,良,1492, 1.5,2,3,2,36.8,48.4,,446,-6,,"  ","  ","  ","  ",
,190406,2阪5,11,阪神牝馬G2,アマルフィコースト,,牝,4,坂井瑠星, 54 ,14,14,"  ","  ","  ","  ",,社台レースホース,12,２,芝,1600,B,良,2200,,(栗),牧田和弥,1337,0.1,,2,2,33.6,57.3,*,58.07,57.1,0.1,462,-4,,(57.6),1920,10320,26760,44990,149940,727770,7,190216,2京7,11,京都牝馬G3,,坂井瑠星, 53 ,18,13,13,３,芝,1400,良,1211, 0.1,,2,2,34.7,50.3,*,466,-8,,"  ","  ","  ","  ",
,190406,2阪5,11,阪神牝馬G2,ミエノサクシード,,牝,6,川島信二, 54 ,14,12,"  ","  ","  ","  ",,里見美惠子,9,３,芝,1600,B,良,1400,,(栗),高橋亮,1337,0.1,,5,4,33.3,58.8,*,58.07,57.1,0.4,468,+6,,(34.7),1230,,,,149940,727770,13,190105,1京1,11,京都金杯ＨG3,,川島信二, 54 ,17,7,11,３,芝,1600,良,1351, 0.2,,10,9,34.8,54.0,*,462,+4,,"  ","  ","  ","  ",
,190406,2阪5,11,阪神牝馬G2,ダイアナヘイロー,,牝,6,武豊, 55 ,14,11,"  ","  ","  ","  ",,駒秀,8,４,芝,1600,B,良,830,,(栗),大根田裕,1337,0.1,,1,1,33.7,56.8,*,58.07,57.1,0.0,474,+2,,(31.0),,,,,,,6,190224,1阪2,11,阪急杯G3,,武豊, 55 ,18,14,3,６,芝,1400,良,1208, 0.5,,1,1,35.1,47.6,*,472,-2,,"  ","  ","  ","  ",
,190406,2阪5,11,阪神牝馬G2,クロコスミア,,牝,6,岩田康誠, 54 ,14,5,"  ","  ","  ","  ",,大塚亮一,6,５,芝,1600,B,良,550,,(栗),西浦勝一,1337,0.1,,3,4,33.4,58.3,*,58.07,57.1,0.3,448,+8,,(20.5),,,,,,,4,190309,2中5,11,中山牝馬ＨG3,,岩田康誠, 55 ,14,5,8,６,芝,1800,良,1478, 0.1,6,9,8,35.0,54.0,*,440,+15,,"  ","  ","  ","  ",
,190406,2阪5,11,阪神牝馬G2,カンタービレ,,牝,4,Ｍ．デム, 55 ,14,6,"  ","  ","  ","  ",,石川達絵,2,６,芝,1600,B,良,0,*,(栗),角居勝彦,1337,0.1,,5,6,33.2,59.3,*,58.07,57.1,0.5,436,+2,,(7.5),,,,,,,21,181111,5京4,11,エリザベG1,*,Ｃ．デム, 54 ,17,8,5,６,芝,2200,良,2137, 0.6,3,6,5,34.7,57.0,*,434,0,,"  ","  ","  ","  ",
,190406,2阪5,11,阪神牝馬G2,レッドオルガ,,牝,5,北村友一, 54 ,14,10,"  ","  ","  ","  ",,東京ホースレーシング,3,７,芝,1600,B,良,0,,(栗),藤原英昭,1337,0.1,,11,10,33.0,60.4,*,58.07,57.1,0.7,450,0,,(9.4),,,,,,,9,190203,1東4,11,東京新聞G3,,北村友一, 54 ,15,6,6,２,芝,1600,良,1320, 0.1,,6,6,33.6,54.3,*,450,0,,"  ","  ","  ","  ",
,190406,2阪5,11,阪神牝馬G2,ラッキーライラック,,牝,4,石橋脩, 54 ,14,4,"  ","  ","  ","  ",,サンデーレーシング,1,８,芝,1600,B,良,0,,(栗),松永幹夫,1338,0.2,,9,7,33.2,59.5,*,58.07,57.1,0.6,510,-2,,(1.5),,,,,,,6,190224,2中2,11,中山記念G2,,石橋脩, 53 ,11,3,6,２,芝,1800,良,1455, 0.0,2,2,2,34.9,51.1,*,512,+2,,"  ","  ","  ","  ",
,190406,2阪5,11,阪神牝馬G2,サトノワルキューレ,,牝,4,浜中俊, 55 ,14,3,"  ","  ","  ","  ",,サトミホースカンパニー,11,９,芝,1600,B,良,0,*,(栗),角居勝彦,1339,0.3,,11,13,32.8,61.8,*,58.07,57.1,1.1,464,-2,,(48.7),,,,,,,4,190310,2名2,11,金鯱賞G2,*,四位洋文, 54 ,13,3,11,11,芝,2000,稍,2017, 1.6,9,9,9,35.3,54.9,,466,+14,,"  ","  ","  ","  ",
,190406,2阪5,11,阪神牝馬G2,サラキア,,牝,4,池添謙一, 54 ,14,1,"  ","  ","  ","  ",,シルクレーシング,5,10,芝,1600,B,良,0,,(栗),池添学,1339,0.3,,7,7,33.3,59.2,*,58.07,57.1,0.6,442,+2,,(16.2),,,,,,,13,190105,1京1,11,京都金杯ＨG3,,池添謙一, 53 ,17,2,2,７,芝,1600,良,1353, 0.4,,6,9,35.0,53.4,*,440,-2,,"  ","  ","  ","  ",
,190406,2阪5,11,阪神牝馬G2,リバティハイツ,,牝,4,福永祐一, 54 ,14,7,"  ","  ","  ","  ",,社台レースホース,10,11,芝,1600,B,良,0,,(栗),高野友和,1339,0.3,,7,7,33.3,59.2,*,58.07,57.1,0.6,456,-6,,(35.5),,,,,,,7,190216,2京7,11,京都牝馬G3,*,北村友一, 55 ,18,4,4,９,芝,1400,良,1218, 0.8,,11,11,34.6,52.3,*,462,+12,,"  ","  ","  ","  ",
,190406,2阪5,11,阪神牝馬G2,ベルーガ,,牝,4,中井裕二, 54 ,14,13,"  ","  ","  ","  ",,R.アンダーソン,14,12,芝,1600,B,良,0,*,(栗),中内田充,1340,0.4,,14,13,33.0,60.9,*,58.07,57.1,1.0,480,0,,(355.4),,,,,,,2,190324,2阪2,11,六甲Ｓ(L),,中井裕二, 54 ,17,5,12,13,芝,1600,良,1348, 0.9,,4,6,34.8,53.4,*,480,-12,,"  ","  ","  ","  ",
,190406,2阪5,11,阪神牝馬G2,メイショウオワラ,,牝,5,秋山真一, 54 ,14,9,"  ","  ","  ","  ",,松本好雄,13,13,芝,1600,B,良,0,,(栗),岡田稲男,1341,0.5,,9,10,33.3,59.5,*,58.07,57.1,0.8,454,-10,,(88.5),,,,,,,4,190309,1阪5,10,うずしお1600,,秋山真一, 55 ,11,7,10,１,芝,1600,良,1342,-0.1,,8,8,34.3,54.8,*,464,-2,,"  ","  ","  ","  ",
,190406,2阪5,11,阪神牝馬G2,ワントゥワン,,牝,6,シュタル, 54 ,14,2,"  ","  ","  ","  ",,青山洋一,7,14,芝,1600,B,良,0,,(栗),藤岡健一,1342,0.6,,11,10,33.4,59.2,*,58.07,57.1,0.8,456,+2,,(26.3),,,,,,,7,190216,2京7,11,京都牝馬G3,*,Ｍ．デム, 55 ,18,11,3,６,芝,1400,良,1217, 0.7,,17,16,33.8,56.3,*,454,+2,,"  ","  ","  ","  ",
,180407,2阪5,11,阪神牝馬G2,ミスパンテール,,牝,4,横山典弘, 54 ,13,11,"  ","  ","  ","  ",,寺田千代乃,4,１,芝,1600,B,良,5500,,(栗),昆貢,1348,-0.0,,1,1,33.8,58.3,*,59.30,58.3,0.0,506,0,,840,210,12230,16680,28330,8660,82760,7,180217,2京7,11,京都牝馬G3,,横山典弘, 55 ,12,8,1,１,芝,1400,良,1230,-0.1,,6,6,34.1,57.6,*,506,+6,,"  ","  ","  ","  ",
,180407,2阪5,11,阪神牝馬G2,レッドアヴァンセ,,牝,5,北村友一, 54 ,13,10,"  ","  ","  ","  ",,東京ホースレーシング,11,２,芝,1600,B,良,2200,,(栗),音無秀孝,1348,0.0,,2,2,33.7,58.8,*,59.30,58.3,0.1,444,0,,(55.6),660,12230,16680,28330,8660,82760,20,171118,5東5,10,ユートピ1600,*,ルメール, 55 ,13,2,3,１,芝,1600,良,1347,-0.1,,6,5,33.1,61.7,*,444,-16,,"  ","  ","  ","  ",
,180407,2阪5,11,阪神牝馬G2,リスグラシュー,,牝,4,武豊, 54 ,13,3,"  ","  ","  ","  ",,キャロットファーム,1,３,芝,1600,B,良,1400,,(栗),矢作芳人,1348,0.0,,8,7,33.3,60.8,*,59.30,58.3,0.5,452,+4,,(2.4),120,,,,8660,82760,9,180204,1東4,11,東京新聞G3,,武豊, 55 ,16,8,3,１,芝,1600,良,1341,-0.2,,7,7,33.6,58.0,*,448,+4,,"  ","  ","  ","  ",
,180407,2阪5,11,阪神牝馬G2,アドマイヤリード,,牝,5,Ｍ．デム, 56 ,13,2,"  ","  ","  ","  ",,近藤利一,3,４,芝,1600,B,良,830,,(栗),須貝尚介,1349,0.1,,5,5,33.6,59.5,*,59.30,58.3,0.3,434,+6,,(6.6),,,,,,,9,180204,1東4,11,東京新聞G3,*,藤岡康太, 54 ,16,1,6,12,芝,1600,良,1347, 0.6,,10,11,33.9,57.6,*,428,0,,"  ","  ","  ","  ",
,180407,2阪5,11,阪神牝馬G2,ジュールポレール,,牝,5,幸英明, 54 ,13,1,"  ","  ","  ","  ",,G1レーシング,5,５,芝,1600,B,良,550,,(栗),西園正都,1350,0.2,,2,4,33.8,58.6,*,59.30,58.3,0.2,466,0,,(12.0),,,,,,,21,171112,5京4,11,エリザベG1,,幸英明, 56 ,18,13,10,16,芝,2200,良,2156, 1.3,10,7,7,35.2,57.0,,466,0,,"  ","  ","  ","  ",
,180407,2阪5,11,阪神牝馬G2,ミエノサクシード,,牝,5,福永祐一, 54 ,13,4,"  ","  ","  ","  ",,里見美惠子,7,６,芝,1600,B,良,0,,(栗),高橋亮,1352,0.4,,5,5,33.9,58.5,*,59.30,58.3,0.3,458,+4,,(31.5),,,,,,,16,171217,5阪6,10,元町Ｓ1600,*,和田竜二, 55 ,17,7,2,１,芝,1600,良,1338,-0.2,,13,13,33.3,59.0,*,454,-2,,"  ","  ","  ","  ",
,180407,2阪5,11,阪神牝馬G2,ミリッサ,,牝,4,岩田康誠, 54 ,13,8,"  ","  ","  ","  ",,キャロットファーム,9,７,芝,1600,B,良,0,,(栗),石坂正,1352,0.4,,7,7,33.7,59.5,*,59.30,58.3,0.5,418,-2,,(44.9),,,,,,,8,180211,1東5,9,初音Ｓ1600,*,横山典弘, 54 ,16,8,1,１,芝,1800,良,1473,-0.0,10,7,7,33.6,59.7,*,420,-6,,"  ","  ","  ","  ",
,180407,2阪5,11,阪神牝馬G2,エテルナミノル,,牝,5,四位洋文, 54 ,13,7,"  ","  ","  ","  ",,吉岡實,12,８,芝,1600,B,良,0,,(栗),本田優,1353,0.5,,11,9,33.5,60.7,*,59.30,58.3,0.8,458,+4,,(68.7),,,,,,,4,180310,2中5,11,中山牝馬ＨG3,,四位洋文, 56 ,14,1,5,10,芝,1800,稍,1496, 0.6,10,11,12,34.9,57.0,*,454,-4,,"  ","  ","  ","  ",
,180407,2阪5,11,阪神牝馬G2,ラビットラン,,牝,4,川田将雅, 55 ,13,13,"  ","  ","  ","  ",,吉田和子,6,９,芝,1600,B,良,0,,(栗),角居勝彦,1353,0.5,,8,11,33.2,62.2,*,59.30,58.3,1.1,452,+10,,(13.0),,,,,,,13,180106,1京1,11,京都金杯ＨG3,*,藤岡康太, 54 ,13,2,2,８,芝,1600,良,1347, 0.4,,7,7,34.8,53.3,*,442,-4,,"  ","  ","  ","  ",
,180407,2阪5,11,阪神牝馬G2,ソウルスターリング,,牝,4,ルメール, 56 ,13,6,"  ","  ","  ","  ",,社台レースホース,2,10,芝,1600,B,良,0,,(美),藤沢和雄,1354,0.6,,4,2,34.3,56.9,*,59.30,58.3,0.1,476,-4,,(3.6),,,,,,,19,171126,5東8,11,ＪＣG1,*,Ｃ．デム, 53 ,17,8,4,７,芝,2400,良,2249, 1.2,6,6,7,35.7,52.0,,480,0,,"  ","  ","  ","  ",
,180407,2阪5,11,阪神牝馬G2,デンコウアンジュ,,牝,5,蛯名正義, 54 ,13,5,"  ","  ","  ","  ",,田中康弘,10,11,芝,1600,B,良,0,,(栗),荒川義之,1354,0.6,,8,9,33.7,59.9,*,59.30,58.3,0.7,464,+8,,(50.2),,,,,,,9,180204,1東4,11,東京新聞G3,,蛯名正義, 54 ,16,2,9,４,芝,1600,良,1344, 0.3,,10,11,33.6,58.6,*,456,+2,,"  ","  ","  ","  ",
,180407,2阪5,11,阪神牝馬G2,ワントゥワン,,牝,5,藤岡佑介, 54 ,13,12,"  ","  ","  ","  ",,青山洋一,8,12,芝,1600,B,良,0,,(栗),藤岡健一,1356,0.8,,11,12,33.4,61.7,*,59.30,58.3,1.2,462,+6,,(42.1),,,,,,,8,180212,1東6,10,雲雀ＳＨ1600,*,Ｍ．デム, 53 ,13,13,2,１,芝,1400,良,1220,-0.1,,13,12,33.3,59.7,*,456,0,,"  ","  ","  ","  ",
,180407,2阪5,11,阪神牝馬G2,クインズミラーグロ,,牝,6,藤岡康太, 54 ,13,9,"  ","  ","  ","  ",,クイーンズ・ランチ,13,13,芝,1600,B,良,0,,(栗),野中賢二,1359,1.1,,13,13,33.6,61.2,,59.30,58.3,1.3,456,-4,,(125.8),,,,,,,7,180218,1小4,11,小倉大賞ＨG3,*,丸田恭介, 53 ,16,16,15,２,芝,1800,良,1465, 0.4,9,10,9,34.1,56.2,*,460,0,,"  ","  ","  ","  ",
,170408,2阪5,11,阪神牝馬G2,ミッキークイーン,,牝,5,浜中俊, 55 ,16,6,"  ","  ","  ","  ",,野田みづき,1,１,芝,1600,B,重,5500,,(栗),池江泰寿,1343,-0.3,,8,8,34.0,56.4,*,55.77,51.7,1.0,438,+4,,220,110,460,820,1340,1760,6370,15,161225,5中9,10,有馬記念G1,,浜中俊, 55 ,16,8,7,５,芝,2500,良,2330, 0.4,9,6,6,35.8,53.4,*,434,-8,,"  ","  ","  ","  ",
,170408,2阪5,11,阪神牝馬G2,アドマイヤリード,,牝,4,ルメール, 54 ,16,16,"  ","  ","  ","  ",,近藤利一,3,２,芝,1600,B,重,2200,,(栗),須貝尚介,1346,0.3,,14,11,34.0,56.9,*,55.77,51.7,1.3,426,-4,,(6.0),190,460,820,1340,1760,6370,8,170211,2京5,10,飛鳥Ｓ1600,*,武幸四郎, 54 ,12,10,2,１,芝,1800,重,1486,-0.5,,12,9,34.2,58.8,*,430,+4,,"  ","  ","  ","  ",
,170408,2阪5,11,阪神牝馬G2,ジュールポレール,,牝,4,幸英明, 54 ,16,8,"  ","  ","  ","  ",,G1レーシング,4,３,芝,1600,B,重,1400,,(栗),西園正都,1346,0.3,,5,5,34.6,54.0,*,55.77,51.7,0.7,454,-6,,(7.4),200,,,,1760,6370,4,170311,1阪5,10,うずしお1600,,幸英明, 55 ,11,1,1,１,芝,1600,良,1338,-0.3,,3,4,32.8,61.6,*,460,-2,,"  ","  ","  ","  ",
,170408,2阪5,11,阪神牝馬G2,クロコスミア,,牝,4,松若風馬, 54 ,16,4,"  ","  ","  ","  ",,大塚亮一,7,４,芝,1600,B,重,830,,(栗),西浦勝一,1351,0.8,,1,1,35.8,49.4,*,55.77,51.7,0.0,420,+8,,(25.5),,,,,,,16,161217,5中5,11,"ターコイＨ･ ",*,田辺裕信, 54 ,16,7,4,14,芝,1600,良,1350, 1.4,1,1,1,36.7,45.3,,412,0,,"  ","  ","  ","  ",
,170408,2阪5,11,阪神牝馬G2,エテルナミノル,,牝,4,池添謙一, 54 ,16,13,"  ","  ","  ","  ",,吉岡實,13,５,芝,1600,B,重,550,,(栗),本田優,1353,1.0,,2,2,35.8,49.7,*,55.77,51.7,0.2,444,+4,,(229.0),,,,,,,7,170218,2京7,11,京都牝馬G3,,池添謙一, 54 ,18,5,8,15,芝,1400,稍,1235, 1.0,,9,10,34.9,54.4,*,440,-2,,"  ","  ","  ","  ",
,170408,2阪5,11,阪神牝馬G2,トーセンビクトリー,,牝,5,武豊, 54 ,16,5,"  ","  ","  ","  ",,島川隆哉,5,６,芝,1600,B,重,0,*,(栗),角居勝彦,1354,1.1,,10,10,35.0,53.5,,55.77,51.7,1.1,476,0,,(14.7),,,,,,,4,170312,2中6,11,中山牝馬ＨG3,,武豊, 53 ,16,4,5,１,芝,1800,良,1494,-0.0,3,3,4,34.5,58.6,*,476,+6,,"  ","  ","  ","  ",
,170408,2阪5,11,阪神牝馬G2,デンコウアンジュ,,牝,4,蛯名正義, 54 ,16,12,"  ","  ","  ","  ",,田中康弘,10,７,芝,1600,B,重,0,,(栗),荒川義之,1354,1.1,,10,11,34.9,54.0,*,55.77,51.7,1.2,460,+14,,(65.5),,,,,,,21,161113,5京4,11,エリザベG1,*,松山弘平, 54 ,15,11,9,11,芝,2200,良,2139, 1.0,15,14,12,33.7,61.5,*,446,+4,,"  ","  ","  ","  ",
,170408,2阪5,11,阪神牝馬G2,アットザシーサイド,,牝,4,福永祐一, 54 ,16,11,"  ","  ","  ","  ",,吉田照哉,8,８,芝,1600,B,重,0,,(栗),浅見秀一,1356,1.3,,7,7,35.4,52.0,,55.77,51.7,0.9,444,-6,,(35.5),,,,,,,7,170218,2京7,11,京都牝馬G3,*,Ｍ．デム, 54 ,18,2,2,８,芝,1400,稍,1232, 0.7,,9,10,34.6,55.3,*,450,+14,,"  ","  ","  ","  ",
,170408,2阪5,11,阪神牝馬G2,ヒルノマテーラ,,牝,6,四位洋文, 54 ,16,10,"  ","  ","  ","  ",,ヒルノ,14,９,芝,1600,B,重,0,,(栗),昆貢,1356,1.3,,12,11,35.0,53.9,,55.77,51.7,1.3,462,+6,,(306.3),,,,,,,4,170312,2中6,11,中山牝馬ＨG3,*,岩田康誠, 54 ,16,12,12,11,芝,1800,良,1500, 0.6,11,13,12,34.2,60.8,*,456,-10,,"  ","  ","  ","  ",
,170408,2阪5,11,阪神牝馬G2,ダンツキャンサー,,牝,6,藤岡佑介, 54 ,16,14,"  ","  ","  ","  ",,山元哲二,16,10,芝,1600,B,重,0,*,(栗),谷潔,1356,1.3,,4,3,35.9,49.8,,55.77,51.7,0.4,482,-2,,(417.8),,,,,,,2,170326,2阪2,11,六甲Ｓ,*,鮫島克駿, 54 ,11,11,11,７,芝,1600,良,1346, 0.4,,3,4,34.4,55.0,*,484,+2,,"  ","  ","  ","  ",
,170408,2阪5,11,阪神牝馬G2,クリノラホール,,牝,4,北村友一, 54 ,16,2,"  ","  ","  ","  ",,栗本博晴,12,11,芝,1600,B,重,0,*,(栗),谷潔,1358,1.5,,5,5,35.8,50.6,,55.77,51.7,0.7,442,-10,,(82.8),,,,,,,12,170114,1名1,11,愛知杯ＨG3,,北村友一, 53 ,15,12,3,７,芝,2000,稍,2018, 0.4,7,8,10,35.6,53.8,*,452,+4,,"  ","  ","  ","  ",
,170408,2阪5,11,阪神牝馬G2,デニムアンドルビー,,牝,7,藤岡康太, 54 ,16,15,"  ","  ","  ","  ",,金子真人ホールディングス,6,12,芝,1600,B,重,0,*,(栗),角居勝彦,1358,1.5,,15,15,34.9,54.7,*,55.77,51.7,1.6,452,-2,,(15.7),,,,,,,4,170312,2中6,11,中山牝馬ＨG3,*,シュタル,55.5,16,9,6,５,芝,1800,良,1496, 0.2,14,13,12,33.7,62.6,*,454,+8,,"  ","  ","  ","  ",
,170408,2阪5,11,阪神牝馬G2,タッチングスピーチ,,牝,5,和田竜二, 54 ,16,9,"  ","  ","  ","  ",,サンデーレーシング,9,13,芝,1600,B,重,0,,(栗),石坂正,1360,1.7,,15,15,35.1,54.1,,55.77,51.7,1.6,468,-6,B,(46.4),,,,,,,4,170311,2名1,11,金鯱賞G2,*,ルメール, 54 ,16,5,10,９,芝,2000,良,1596, 0.4,11,11,10,34.8,54.4,*,474,+6,B,"  ","  ","  ","  ",
,170408,2阪5,11,阪神牝馬G2,メイショウマンボ,,牝,7,小牧太, 55 ,16,7,"  ","  ","  ","  ",,松本好雄,11,14,芝,1600,B,重,0,,(栗),飯田祐史,1361,1.8,,13,14,35.4,52.9,,55.77,51.7,1.4,498,+2,,(72.4),,,,,,,4,170312,2中6,11,中山牝馬ＨG3,*,柴田善臣, 54 ,16,8,13,14,芝,1800,良,1504, 1.0,8,8,9,35.0,57.7,*,496,+8,,"  ","  ","  ","  ",
,170408,2阪5,11,阪神牝馬G2,クイーンズリング,,牝,5,Ｍ．デム, 56 ,16,3,"  ","  ","  ","  ",,吉田千津,2,15,芝,1600,B,重,0,,(栗),吉村圭司,1365,2.2,,2,3,36.8,47.3,,55.77,51.7,0.4,466,+14,,(4.3),,,,,,,17,161211,香港,,香港ＣG1,,Ｍ．デム,55.5,12,,,９,芝,2000,良,2020, 1.1,,,,,,,452,-8,,"  ","  ","  ","  ",
,170408,2阪5,11,阪神牝馬G2,ウエスタンレベッカ,,牝,7,高倉稜, 54 ,16,1,"  ","  ","  ","  ",,西川賢,15,16,芝,1600,B,重,0,,(栗),崎山博樹,1370,2.7,,8,8,36.7,48.6,,55.77,51.7,1.0,454,-6,,(316.2),,,,,,,4,170311,1阪5,10,うずしお1600,*,菱田裕二, 55 ,11,8,11,４,芝,1600,良,1343, 0.5,,1,1,33.7,57.9,*,460,-6,,"  ","  ","  ","  ",
,160409,2阪5,11,阪神牝馬G2,スマートレイアー,,牝,6,Ｍ．デム, 54 ,13,7,"  ","  ","  ","  ",,大川徹,2,１,芝,1600,B,良,5500,*,(栗),大久保龍,1331,-0.0,,1,1,34.2,53.3,*,55.33,53.3,0.0,466,-4,,280,110,340,350,700,980,3320,9,160207,1東4,11,東京新聞G3,*,吉田隼人, 55 ,14,6,5,１,芝,1600,良,1341,-0.3,,1,1,33.5,58.5,*,470,+4,,"  ","  ","  ","  ",
,160409,2阪5,11,阪神牝馬G2,ミッキークイーン,,牝,4,ルメール, 56 ,13,6,"  ","  ","  ","  ",,野田みづき,1,２,芝,1600,B,良,2200,,(栗),池江泰寿,1331,0.0,,9,9,33.3,57.7,*,55.33,53.3,0.9,432,+4,,(2.4),110,340,350,700,980,3320,19,151129,5東9,11,ＪＣG1,*,浜中俊, 53 ,18,11,3,８,芝,2400,良,2250, 0.3,9,11,11,34.2,58.0,*,428,-6,,"  ","  ","  ","  ",
,160409,2阪5,11,阪神牝馬G2,ウインプリメーラ,,牝,6,川田将雅, 54 ,13,9,"  ","  ","  ","  ",,ウイン,5,３,芝,1600,B,良,1400,*,(栗),大久保龍,1332,0.1,,4,5,33.9,55.0,*,55.33,53.3,0.4,458,0,,(14.3),200,,,,980,3320,7,160220,2京7,11,京都牝馬G3,,川田将雅, 55 ,18,11,3,３,芝,1400,重,1231, 0.2,,8,7,35.7,49.6,*,458,+6,,"  ","  ","  ","  ",
,160409,2阪5,11,阪神牝馬G2,カフェブリリアント,,牝,6,福永祐一, 55 ,13,8,"  ","  ","  ","  ",,西川光一,7,４,芝,1600,B,良,830,,(美),堀宣行,1333,0.2,,6,5,33.9,55.1,*,55.33,53.3,0.5,434,0,,(25.1),,,,,,,16,151219,5中5,11,"ターコイＨ･ ",*,田辺裕信, 55 ,16,12,1,８,芝,1600,良,1361, 0.4,7,6,3,34.4,57.6,*,434,+6,,"  ","  ","  ","  ",
,160409,2阪5,11,阪神牝馬G2,ココロノアイ,,牝,4,武豊, 54 ,13,2,"  ","  ","  ","  ",,酒井牧場,6,５,芝,1600,B,良,550,,(美),尾関知人,1336,0.5,,7,7,34.0,55.2,*,55.33,53.3,0.7,458,0,,(18.0),,,,,,,25,151018,4京5,11,秋華賞G1,*,横山典弘, 55 ,18,1,6,14,芝,2000,良,1580, 1.1,8,8,6,35.6,49.2,,458,+6,,"  ","  ","  ","  ",
,160409,2阪5,11,阪神牝馬G2,ペルフィカ,,牝,4,藤岡佑介, 54 ,13,10,"  ","  ","  ","  ",,前田幸治,12,６,芝,1600,B,良,0,,(栗),岡田稲男,1337,0.6,,11,11,33.6,57.3,*,55.33,53.3,1.2,436,-4,,(143.5),,,,,,,7,160220,2京7,11,京都牝馬G3,*,武豊, 54 ,18,7,12,７,芝,1400,重,1236, 0.7,,18,18,35.3,52.6,*,440,+4,,"  ","  ","  ","  ",
,160409,2阪5,11,阪神牝馬G2,ダンツキャンサー,,牝,5,和田竜二, 54 ,13,1,"  ","  ","  ","  ",,山元哲二,13,７,芝,1600,B,良,0,,(栗),谷潔,1337,0.6,,2,3,34.6,52.5,*,55.33,53.3,0.2,480,0,,(215.1),,,,,,,5,160306,1阪4,11,大阪城ＳＨ,*,高倉稜, 51 ,16,2,13,15,芝,1800,良,1464, 1.2,,2,3,35.8,48.6,,480,-4,,"  ","  ","  ","  ",
,160409,2阪5,11,阪神牝馬G2,アンドリエッテ,,牝,4,藤岡康太, 54 ,13,4,"  ","  ","  ","  ",,永田和彦,4,８,芝,1600,B,良,0,,(栗),牧田和弥,1339,0.8,,12,12,33.7,57.2,*,55.33,53.3,1.3,442,+2,,(9.7),,,,,,,4,160313,1阪6,10,うずしお1600,*,Ｍ．デム, 55 ,14,13,1,１,芝,1600,良,1353,-0.0,,6,6,33.5,60.7,*,440,+2,,"  ","  ","  ","  ",
,160409,2阪5,11,阪神牝馬G2,ストレイトガール,,牝,7,戸崎圭太, 56 ,13,13,"  ","  ","  ","  ",,廣崎利洋HD,3,９,芝,1600,B,良,0,,(栗),藤原英昭,1339,0.8,,4,3,34.8,51.9,*,55.33,53.3,0.2,464,-6,,(5.9),,,,,,,17,151213,香港,,香スプG1,,戸崎圭太,55.5,13,,,９,芝,1200,良,1097, 1.0,,,,,,,470,+8,,"  ","  ","  ","  ",
,160409,2阪5,11,阪神牝馬G2,アイライン,,牝,4,松山弘平, 54 ,13,5,"  ","  ","  ","  ",,アラキファーム,11,10,芝,1600,B,良,0,,(美),高橋裕,1339,0.8,,8,7,34.3,54.3,*,55.33,53.3,0.7,448,+6,,(137.0),,,,,,,16,151219,5中5,11,"ターコイＨ･ ",*,松岡正海, 52 ,16,8,8,16,芝,1600,良,1369, 1.2,7,6,8,35.2,55.2,,442,-2,,"  ","  ","  ","  ",
,160409,2阪5,11,阪神牝馬G2,ダンスアミーガ,,牝,5,池添謙一, 54 ,13,12,"  ","  ","  ","  ",,社台レースホース,10,11,芝,1600,B,良,0,,(栗),中竹和也,1341,1.0,,2,2,35.1,50.9,*,55.33,53.3,0.1,476,-4,,(121.0),,,,,,,2,160327,2阪2,11,六甲Ｓ,*,川島信二, 55 ,16,5,14,11,芝,1600,良,1338, 0.7,,7,11,34.1,55.0,*,480,+10,,"  ","  ","  ","  ",
,160409,2阪5,11,阪神牝馬G2,レッドリヴェール,,牝,5,菱田裕二, 54 ,13,3,"  ","  ","  ","  ",,東京ホースレーシング,8,12,芝,1600,B,良,0,,(栗),須貝尚介,1342,1.1,,12,12,33.9,56.7,*,55.33,53.3,1.4,444,+16,,(43.3),,,,,,,16,151219,5中5,11,"ターコイＨ･ ",*,内田博幸, 54 ,16,13,7,15,芝,1600,良,1367, 1.0,10,10,10,34.8,56.7,*,428,-4,,"  ","  ","  ","  ",
,160409,2阪5,11,阪神牝馬G2,メイショウマンボ,,牝,6,武幸四郎, 55 ,13,11,"  ","  ","  ","  ",,松本好雄,9,13,芝,1600,B,良,0,,(栗),飯田祐史,1343,1.2,,9,9,34.5,54.0,,55.33,53.3,0.9,498,+2,,(72.7),,,,,,,14,160105,1京1,11,京都金杯ＨG3,,武幸四郎, 55 ,17,5,10,14,芝,1600,良,1339, 0.9,,11,11,34.1,55.2,*,496,+4,,"  ","  ","  ","  ",
